{
  "project_info": {
    "project_number": "941057010221",
    "firebase_url": "https://gauravassignmentone.firebaseio.com",
    "project_id": "gauravassignmentone",
    "storage_bucket": "gauravassignmentone.appspot.com"
  },
  "client": [
    {
      "client_info": {
        "mobilesdk_app_id": "1:941057010221:android:3dcc84e9fdd4b06d07e6a4",
        "android_client_info": {
          "package_name": "com.example.gaurav_assignmentone"
        }
      },
      "oauth_client": [
        {
          "client_id": "941057010221-00j0nth9j4td811hhftsmj3au7r52h80.apps.googleusercontent.com",
          "client_type": 1,
          "android_info": {
            "package_name": "com.example.gaurav_assignmentone",
            "certificate_hash": "74c87f59131002108e7312d288c0d3e1f43c33fc"
          }
        },
        {
          "client_id": "941057010221-rpmiiuhbd4k85dh3a078lva5fuu21iob.apps.googleusercontent.com",
          "client_type": 3
        }
      ],
      "api_key": [
        {
          "current_key": "AIzaSyBOksqsFs3J5WL7ELIaREqRKnbenh1aaj8"
        }
      ],
      "services": {
        "appinvite_service": {
          "other_platform_oauth_client": [
            {
              "client_id": "941057010221-rpmiiuhbd4k85dh3a078lva5fuu21iob.apps.googleusercontent.com",
              "client_type": 3
            }
          ]
        }
      }
    }
  ],
  "configuration_version": "1"
}